analysis_set,template,condition,n,exact_accuracy,exact_accuracy_ci95_low,exact_accuracy_ci95_high,entity_containing_accuracy,entity_containing_accuracy_ci95_low,entity_containing_accuracy_ci95_high,first_token_accuracy,first_token_accuracy_ci95_low,first_token_accuracy_ci95_high,mean_expected_entity_log_probability,mean_expected_entity_log_probability_ci95_low,mean_expected_entity_log_probability_ci95_high,mean_expected_vs_alternative_logit_margin,mean_expected_vs_alternative_logit_margin_ci95_low,mean_expected_vs_alternative_logit_margin_ci95_high
all_100,direct_fact,clean,100,1.0,0.9630065017930143,1.0,1.0,0.9630065017930143,1.0,1.0,0.9630065017930143,1.0,-0.08633123537525535,-0.09594877594656523,-0.07671369480394546,4.1525,4.025952881016537,4.2790471189834625
all_100,direct_fact,generated_read_block,100,0.6,0.5020025867910618,0.6905987135675411,0.6,0.5020025867910618,0.6905987135675411,1.0,0.9630065017930143,1.0,-0.08633123537525535,-0.09594877594656523,-0.07671369480394546,4.1525,4.025952881016537,4.2790471189834625
all_100,direct_fact,full_intermediate_bottleneck,100,0.53,0.4328885697009936,0.6248918204065872,0.58,0.4820648670304296,0.6720161732564526,0.96,0.9016292856411208,0.9843366960084523,-0.3659212091565132,-0.42720407394320226,-0.3046383443698242,2.53125,2.3070846000330283,2.7554153999669717
all_100,direct_fact,early_5_7,100,0.56,0.4622810465167699,0.6532797336983921,0.57,0.47215389549212305,0.6626670147588988,1.0,0.9630065017930143,1.0,-0.23557514756917952,-0.2678594346009409,-0.20329086053741813,2.94375,2.787822533939737,3.099677466060263
all_100,direct_fact,middle_12_14,100,0.57,0.47215389549212305,0.6626670147588988,0.57,0.47215389549212305,0.6626670147588988,1.0,0.9630065017930143,1.0,-0.201723247282207,-0.22924028794095597,-0.17420620662345804,3.055,2.899274111642917,3.2107258883570835
all_100,direct_fact,later_middle_19_21,100,0.57,0.47215389549212305,0.6626670147588988,0.58,0.4820648670304296,0.6720161732564526,0.99,0.9455138038212946,0.9982325679358593,-0.28209215924143793,-0.32993673333600804,-0.23424758514686786,2.8,2.5912317493789416,3.008768250621058
all_100,direct_fact,sparse_union,100,0.58,0.4820648670304296,0.6720161732564526,0.58,0.4820648670304296,0.6720161732564526,1.0,0.9630065017930143,1.0,-0.1439679041877389,-0.15941204408662796,-0.12852376428884982,3.36125,3.2465884386294865,3.4759115613705136
all_100,direct_fact,late_negative_30_32,100,0.54,0.44264860323368227,0.6343919169097589,0.58,0.4820648670304296,0.6720161732564526,0.97,0.9154806357094724,0.9897454759759611,-0.34539974652230737,-0.40196723146313956,-0.2888322615814752,2.5825,2.3616622861846106,2.8033377138153894
all_100,person_in_list,clean,100,1.0,0.9630065017930143,1.0,1.0,0.9630065017930143,1.0,1.0,0.9630065017930143,1.0,-0.1387030384130776,-0.1742369295217293,-0.10316914730442588,3.93625,3.7536305778152825,4.1188694221847175
all_100,person_in_list,generated_read_block,100,0.81,0.7222115462093562,0.8748524849023126,0.81,0.7222115462093562,0.8748524849023126,1.0,0.9630065017930143,1.0,-0.1387030384130776,-0.1742369295217293,-0.10316914730442588,3.93625,3.7536305778152825,4.1188694221847175
all_100,person_in_list,full_intermediate_bottleneck,100,0.49,0.3942199893044113,0.5865198806597283,0.49,0.3942199893044113,0.5865198806597283,0.89,0.8136870349691969,0.9374580364293543,-0.971729699075222,-1.1160780910907657,-0.8273813070596783,1.26375,1.0342016793465199,1.49329832065348
all_100,person_in_list,early_5_7,100,0.52,0.4231657776522397,0.615354482419481,0.52,0.4231657776522397,0.615354482419481,0.93,0.8625048526092651,0.9656807389327273,-0.7601259611546993,-0.8869123945462982,-0.6333395277631004,1.695,1.468108413444459,1.921891586555541
all_100,person_in_list,middle_12_14,100,0.59,0.4920143005341078,0.6813268697886348,0.59,0.4920143005341078,0.6813268697886348,0.94,0.8752318455410406,0.9722138760368118,-0.7217612171173096,-0.8416654450350247,-0.6018569891995944,1.8875,1.660603483834733,2.114396516165267
all_100,person_in_list,later_middle_19_21,100,0.56,0.4622810465167699,0.6532797336983921,0.56,0.4622810465167699,0.6532797336983921,0.95,0.8882495307680808,0.9784563208456319,-0.5152217694371939,-0.6205787072763137,-0.40986483159807413,2.49,2.2629342988156593,2.717065701184341
all_100,person_in_list,sparse_union,100,0.71,0.6146110882442888,0.7898516425087772,0.71,0.6146110882442888,0.7898516425087772,0.99,0.9455138038212946,0.9982325679358593,-0.2654042525961995,-0.3339626497965441,-0.19684585539585486,3.55375,3.3313691149030076,3.7761308850969924
all_100,person_in_list,late_negative_30_32,100,0.5,0.4038315303659956,0.5961684696340044,0.5,0.4038315303659956,0.5961684696340044,0.89,0.8136870349691969,0.9374580364293543,-0.9254180151224136,-1.0665365147850734,-0.784299515459754,1.34125,1.1140974283266443,1.5684025716733558
all_100,friend,clean,100,0.98,0.929988209271456,0.9944980324498376,1.0,0.9630065017930143,1.0,0.98,0.929988209271456,0.9944980324498376,-0.20684054128825666,-0.2426868289689958,-0.17099425360751752,3.5875,3.3536976525725084,3.8213023474274914
all_100,friend,generated_read_block,100,0.56,0.4622810465167699,0.6532797336983921,0.58,0.4820648670304296,0.6720161732564526,0.98,0.929988209271456,0.9944980324498376,-0.20684054128825666,-0.2426868289689958,-0.17099425360751752,3.5875,3.3536976525725084,3.8213023474274914
all_100,friend,full_intermediate_bottleneck,100,0.17,0.10893566114059931,0.25548004767601123,0.17,0.10893566114059931,0.25548004767601123,0.63,0.5322052958094291,0.7181763946567546,-2.2096020686626434,-2.497495965201989,-1.921708172123298,0.45,0.13500269855119745,0.7649973014488025
all_100,friend,early_5_7,100,0.53,0.4328885697009936,0.6248918204065872,0.53,0.4328885697009936,0.6248918204065872,0.98,0.929988209271456,0.9944980324498376,-0.862632989436388,-0.9438173943648542,-0.7814485845079218,1.6275,1.481466437496886,1.773533562503114
all_100,friend,middle_12_14,100,0.45,0.3561453797951198,0.5475539700255787,0.45,0.3561453797951198,0.5475539700255787,0.91,0.837737871472837,0.9519274599974348,-1.2342550887167454,-1.3849336801951244,-1.0835764972383664,1.49125,1.2943291902257659,1.688170809774234
all_100,friend,later_middle_19_21,100,0.25,0.17545211362287672,0.34304463548061603,0.25,0.17545211362287672,0.34304463548061603,0.71,0.6146110882442888,0.7898516425087772,-1.9107505595684051,-2.1613594568065304,-1.6601416623302798,0.785,0.5029518882243246,1.0670481117756756
all_100,friend,sparse_union,100,0.54,0.44264860323368227,0.6343919169097589,0.54,0.44264860323368227,0.6343919169097589,1.0,0.9630065017930143,1.0,-0.4676735469698906,-0.5100766483208655,-0.42527044561891564,2.39125,2.2436641274724898,2.53883587252751
all_100,friend,late_negative_30_32,100,0.21,0.141656540619153,0.29979968834089865,0.21,0.141656540619153,0.29979968834089865,0.66,0.5627772885472462,0.7453847920265184,-2.123053135871887,-2.402355105594907,-1.843751166148867,0.54,0.23112059990367506,0.848879400096325
all_100,visitor_register,clean,100,0.96,0.9016292856411208,0.9843366960084523,0.99,0.9455138038212946,0.9982325679358593,0.96,0.9016292856411208,0.9843366960084523,-0.19154078021645546,-0.24633411692516646,-0.13674744350774445,3.2675,3.002772909481693,3.5322270905183073
all_100,visitor_register,generated_read_block,100,0.63,0.5322052958094291,0.7181763946567546,0.66,0.5627772885472462,0.7453847920265184,0.96,0.9016292856411208,0.9843366960084523,-0.19154078021645546,-0.24633411692516646,-0.13674744350774445,3.2675,3.002772909481693,3.5322270905183073
all_100,visitor_register,full_intermediate_bottleneck,100,0.57,0.47215389549212305,0.6626670147588988,0.59,0.4920143005341078,0.6813268697886348,0.97,0.9154806357094724,0.9897454759759611,-0.3730791221559048,-0.433568238245837,-0.31259000606597254,2.28875,2.093399327774976,2.484100672225024
all_100,visitor_register,early_5_7,100,0.58,0.4820648670304296,0.6720161732564526,0.6,0.5020025867910618,0.6905987135675411,0.98,0.929988209271456,0.9944980324498376,-0.3210060092061758,-0.37373875131607476,-0.2682732670962768,2.45625,2.262859683791015,2.6496403162089845
all_100,visitor_register,middle_12_14,100,0.58,0.4820648670304296,0.6720161732564526,0.6,0.5020025867910618,0.6905987135675411,0.98,0.929988209271456,0.9944980324498376,-0.31812057621777057,-0.37545169789112914,-0.260789454544412,2.50125,2.302531176623976,2.6999688233760244
all_100,visitor_register,later_middle_19_21,100,0.58,0.4820648670304296,0.6720161732564526,0.6,0.5020025867910618,0.6905987135675411,0.98,0.929988209271456,0.9944980324498376,-0.2757467929646373,-0.3242766965594007,-0.22721688936987386,2.68375,2.489971926314751,2.877528073685249
all_100,visitor_register,sparse_union,100,0.58,0.4820648670304296,0.6720161732564526,0.6,0.5020025867910618,0.6905987135675411,0.98,0.929988209271456,0.9944980324498376,-0.20271984096616508,-0.2402957108405434,-0.16514397109178675,3.0,2.8122961844983765,3.1877038155016235
all_100,visitor_register,late_negative_30_32,100,0.57,0.47215389549212305,0.6626670147588988,0.59,0.4920143005341078,0.6813268697886348,0.98,0.929988209271456,0.9944980324498376,-0.35726792849600314,-0.4154241917513091,-0.29911166524069716,2.32375,2.130819064491982,2.5166809355080177
all_100,dialogue,clean,100,0.48,0.384645517580519,0.5768342223477603,1.0,0.9630065017930143,1.0,1.0,0.9630065017930143,1.0,-0.5653794304281473,-0.6171392886120135,-0.5136195722442811,2.3825,2.233066194773146,2.5319338052268536
all_100,dialogue,generated_read_block,100,0.0,3.469446951953614e-18,0.03699349820698568,0.63,0.5322052958094291,0.7181763946567546,1.0,0.9630065017930143,1.0,-0.5653794304281473,-0.6171392886120135,-0.5136195722442811,2.3825,2.233066194773146,2.5319338052268536
all_100,dialogue,full_intermediate_bottleneck,100,0.0,3.469446951953614e-18,0.03699349820698568,0.29,0.2101483574912227,0.3853889117557111,0.61,0.5120301704584073,0.6998312599360558,-2.0909833294153213,-2.2323307158341907,-1.9496359429964518,0.1875,-0.007494246775942293,0.3824942467759423
all_100,dialogue,early_5_7,100,0.0,3.469446951953614e-18,0.03699349820698568,0.35,0.26364248243097527,0.44745556703112027,0.71,0.6146110882442888,0.7898516425087772,-1.8208271393179893,-1.9556558675449662,-1.6859984110910124,0.49125,0.29565900055205574,0.6868409994479443
all_100,dialogue,middle_12_14,100,0.0,3.469446951953614e-18,0.03699349820698568,0.35,0.26364248243097527,0.44745556703112027,0.69,0.5937394428051057,0.7722030278762395,-1.8674626129865646,-2.0134319454964826,-1.7214932804766465,0.4425,0.23188204315024957,0.6531179568497505
all_100,dialogue,later_middle_19_21,100,0.0,3.469446951953614e-18,0.03699349820698568,0.38,0.29097599252478734,0.47790244704488916,0.76,0.6676766365018553,0.8330867444305122,-1.6081040808558464,-1.7492959853158476,-1.4669121763958453,0.835,0.6259378828781398,1.0440621171218603
all_100,dialogue,sparse_union,100,0.0,3.469446951953614e-18,0.03699349820698568,0.55,0.45244602997442135,0.6438546202048803,0.93,0.8625048526092651,0.9656807389327273,-0.9734425643831491,-1.0852493624774324,-0.8616357662888658,1.85875,1.6470363450553707,2.070463654944629
all_100,dialogue,late_negative_30_32,100,0.0,3.469446951953614e-18,0.03699349820698568,0.31,0.22779697212376038,0.40626055719489407,0.63,0.5322052958094291,0.7181763946567546,-2.050962202548981,-2.1912940036341677,-1.910630401463794,0.2525,0.05848077209832561,0.4465192279016744
unseen_confirmatory,direct_fact,clean,86,1.0,0.9572418027142576,0.9999999999999999,1.0,0.9572418027142576,0.9999999999999999,1.0,0.9572418027142576,0.9999999999999999,-0.07971077262922081,-0.08897109603994119,-0.07045044921850044,4.225290697674419,4.099129696803012,4.351451698545826
unseen_confirmatory,direct_fact,generated_read_block,86,0.5348837209302325,0.4302430272177625,0.6365412845995112,0.5348837209302325,0.4302430272177625,0.6365412845995112,1.0,0.9572418027142576,0.9999999999999999,-0.07971077262922081,-0.08897109603994119,-0.07045044921850044,4.225290697674419,4.099129696803012,4.351451698545826
unseen_confirmatory,direct_fact,full_intermediate_bottleneck,86,0.4883720930232558,0.38550577108134854,0.5922327916462268,0.5116279069767442,0.4077672083537732,0.6144942289186514,0.9883720930232558,0.9370359341070826,0.9979444313347503,-0.30363482254189117,-0.35403845437747583,-0.2532311907063065,2.7238372093023258,2.5164030183453088,2.9312714002593427
unseen_confirmatory,direct_fact,early_5_7,86,0.4883720930232558,0.38550577108134854,0.5922327916462268,0.5,0.3966097232742094,0.6033902767257906,1.0,0.9572418027142576,0.9999999999999999,-0.21119777442410934,-0.2402831459658822,-0.18211240288233646,3.04796511627907,2.8991644694209167,3.1967657631372233
unseen_confirmatory,direct_fact,middle_12_14,86,0.5,0.3966097232742094,0.6033902767257906,0.5,0.3966097232742094,0.6033902767257906,1.0,0.9572418027142576,0.9999999999999999,-0.1756432533350795,-0.19875135306737454,-0.15253515360278444,3.183139534883721,3.039568337344109,3.326710732423333
unseen_confirmatory,direct_fact,later_middle_19_21,86,0.5116279069767442,0.4077672083537732,0.6144942289186514,0.5116279069767442,0.4077672083537732,0.6144942289186514,1.0,0.9572418027142576,0.9999999999999999,-0.23791146061794702,-0.27846376209453544,-0.1973591591413586,2.9694767441860463,2.7773617848237286,3.161591703548364
unseen_confirmatory,direct_fact,sparse_union,86,0.5116279069767442,0.4077672083537732,0.6144942289186514,0.5116279069767442,0.4077672083537732,0.6144942289186514,1.0,0.9572418027142576,0.9999999999999999,-0.1331826550236275,-0.14804590530308703,-0.11831940474416795,3.4244186046511627,3.3087791422091013,3.540058067093224
unseen_confirmatory,direct_fact,late_negative_30_32,86,0.4883720930232558,0.38550577108134854,0.5922327916462268,0.5116279069767442,0.4077672083537732,0.6144942289186514,0.9883720930232558,0.9370359341070826,0.9979444313347503,-0.28858289287187333,-0.33576519745990996,-0.2414005882838367,2.7732558139534884,2.5675233861219464,2.9789882417850304
unseen_confirmatory,person_in_list,clean,86,1.0,0.9572418027142576,0.9999999999999999,1.0,0.9572418027142576,0.9999999999999999,1.0,0.9572418027142576,0.9999999999999999,-0.1319046702105985,-0.17226233261604873,-0.0915470078051483,4.013081395348837,3.8229518680821206,4.203210922615553
unseen_confirmatory,person_in_list,generated_read_block,86,0.7790697674418605,0.6805235720815125,0.853750922456678,0.7790697674418605,0.6805235720815125,0.853750922456678,1.0,0.9572418027142576,0.9999999999999999,-0.1319046702105985,-0.17226233261604873,-0.0915470078051483,4.013081395348837,3.8229518680821206,4.203210922615553
unseen_confirmatory,person_in_list,full_intermediate_bottleneck,86,0.43023255813953487,0.3307934101645158,0.5356379662009366,0.43023255813953487,0.3307934101645158,0.5356379662009366,0.8953488372093024,0.8129297644077995,0.943959102854637,-0.9728044515778852,-1.1370114460288672,-0.8085974571269032,1.2877906976744187,1.0339398600294918,1.5416415353193456
unseen_confirmatory,person_in_list,early_5_7,86,0.45348837209302323,0.3525159468245965,0.558438304085705,0.45348837209302323,0.3525159468245965,0.558438304085705,0.9302325581395349,0.8560385935896314,0.9676345854900786,-0.7571509444089823,-0.9010649269905264,-0.6132369618274383,1.7209302325581395,1.4727821025571377,1.9690783625591413
unseen_confirmatory,person_in_list,middle_12_14,86,0.5232558139534884,0.41897826794012305,0.6255446066047263,0.5232558139534884,0.41897826794012305,0.6255446066047263,0.9302325581395349,0.8560385935896314,0.9676345854900786,-0.7257547579532446,-0.8624588947957481,-0.5890506211107411,1.9084302325581395,1.6586952496602605,2.1581652154560187
unseen_confirmatory,person_in_list,later_middle_19_21,86,0.4883720930232558,0.38550577108134854,0.5922327916462268,0.4883720930232558,0.38550577108134854,0.5922327916462268,0.9418604651162791,0.8710215519732145,0.9749130643789203,-0.5084543279263862,-0.6293617198099184,-0.38754693604285406,2.5552325581395348,2.304343734246733,2.8061213820323365
unseen_confirmatory,person_in_list,sparse_union,86,0.6627906976744186,0.557825607589722,0.7538345142242223,0.6627906976744186,0.557825607589722,0.7538345142242223,0.9883720930232558,0.9370359341070826,0.9979444313347503,-0.2566776509981516,-0.33534649453770243,-0.17800880745860076,3.6555232558139537,3.4213823108346078,3.8896642007932996
unseen_confirmatory,person_in_list,late_negative_30_32,86,0.4418604651162791,0.3416273835893346,0.5470654300485425,0.4418604651162791,0.3416273835893346,0.5470654300485425,0.8953488372093024,0.8129297644077995,0.943959102854637,-0.9249249149200528,-1.0852390006254882,-0.7646108292146174,1.364825581395349,1.1139498773519518,1.615701285438746
unseen_confirmatory,friend,clean,86,0.9883720930232558,0.9370359341070826,0.9979444313347503,1.0,0.9572418027142576,0.9999999999999999,0.9883720930232558,0.9370359341070826,0.9979444313347503,-0.18774165386377378,-0.2205536485740503,-0.15492965915349727,3.63953488372093,3.4069697432695225,3.8721000241723376
unseen_confirmatory,friend,generated_read_block,86,0.5,0.3966097232742094,0.6033902767257906,0.5116279069767442,0.4077672083537732,0.6144942289186514,0.9883720930232558,0.9370359341070826,0.9979444313347503,-0.18774165386377378,-0.2205536485740503,-0.15492965915349727,3.63953488372093,3.4069697432695225,3.8721000241723376
unseen_confirmatory,friend,full_intermediate_bottleneck,86,0.16279069767441862,0.09952131046989598,0.25489700862979064,0.16279069767441862,0.09952131046989598,0.25489700862979064,0.6976744186046512,0.5938796504460166,0.7845647831852016,-2.006564712801645,-2.315267693891334,-1.6978617317119553,0.6584302325581395,0.31773207358272726,0.9991283915335517
unseen_confirmatory,friend,early_5_7,86,0.45348837209302323,0.3525159468245965,0.558438304085705,0.45348837209302323,0.3525159468245965,0.558438304085705,0.9767441860465116,0.9191198543736794,0.9935990737957292,-0.848139401265355,-0.9346651997907531,-0.7616136027399569,1.6162790697674418,1.455332156097444,1.7772259834374398
unseen_confirmatory,friend,middle_12_14,86,0.37209302325581395,0.2774625064181545,0.4776616835851749,0.37209302325581395,0.2774625064181545,0.4776616835851749,0.9069767441860465,0.8270425887501315,0.9521077157847294,-1.1717914067382036,-1.3395777194787803,-1.0040050939976268,1.569767441860465,1.3506653005872895,1.7888695831336405
unseen_confirmatory,friend,later_middle_19_21,86,0.2558139534883721,0.17543075268015518,0.35707906459892824,0.2558139534883721,0.17543075268015518,0.35707906459892824,0.7906976744186046,0.6932340925568325,0.8633018392537823,-1.7376860186111096,-2.007009293966882,-1.4683627432553374,0.9607558139534884,0.6533612860009574,1.2681503419060194
unseen_confirmatory,friend,sparse_union,86,0.46511627906976744,0.3634587154004887,0.5697569727822375,0.46511627906976744,0.3634587154004887,0.5697569727822375,1.0,0.9572418027142576,0.9999999999999999,-0.47091030225504277,-0.5181485208937833,-0.4236720836163023,2.324127906976744,2.161323340194228,2.4869324737592606
unseen_confirmatory,friend,late_negative_30_32,86,0.20930232558139536,0.1366981607462176,0.30676590744316745,0.20930232558139536,0.1366981607462176,0.30676590744316745,0.7325581395348837,0.6305495916710698,0.8146791537774222,-1.9273535706276117,-2.226658643847413,-1.6280484974078102,0.7398255813953488,0.40516330647501164,1.0744878563156859
unseen_confirmatory,visitor_register,clean,86,0.9883720930232558,0.9370359341070826,0.9979444313347503,0.9883720930232558,0.9370359341070826,0.9979444313347503,0.9883720930232558,0.9370359341070826,0.9979444313347503,-0.12813222759165044,-0.1589343773358515,-0.09733007784744938,3.582848837209302,3.3791347966857357,3.7865628777328686
unseen_confirmatory,visitor_register,generated_read_block,86,0.6046511627906976,0.4989772079672809,0.7013757274845405,0.6046511627906976,0.4989772079672809,0.7013757274845405,0.9883720930232558,0.9370359341070826,0.9979444313347503,-0.12813222759165044,-0.1589343773358515,-0.09733007784744938,3.582848837209302,3.3791347966857357,3.7865628777328686
unseen_confirmatory,visitor_register,full_intermediate_bottleneck,86,0.5348837209302325,0.4302430272177625,0.6365412845995112,0.5348837209302325,0.4302430272177625,0.6365412845995112,1.0,0.9572418027142576,0.9999999999999999,-0.31877700906506806,-0.3605245200693845,-0.2770294980607516,2.436046511627907,2.2709041198242805,2.601188903431533
unseen_confirmatory,visitor_register,early_5_7,86,0.5348837209302325,0.4302430272177625,0.6365412845995112,0.5348837209302325,0.4302430272177625,0.6365412845995112,1.0,0.9572418027142576,0.9999999999999999,-0.27365841231373855,-0.30924670851108566,-0.23807011611639145,2.5944767441860463,2.427088439050886,2.761865049321207
unseen_confirmatory,visitor_register,middle_12_14,86,0.5348837209302325,0.4302430272177625,0.6365412845995112,0.5348837209302325,0.4302430272177625,0.6365412845995112,1.0,0.9572418027142576,0.9999999999999999,-0.26495974987398746,-0.3030317782228353,-0.2268877215251396,2.6627906976744184,2.492890443761897,2.83269095158694
unseen_confirmatory,visitor_register,later_middle_19_21,86,0.5348837209302325,0.4302430272177625,0.6365412845995112,0.5348837209302325,0.4302430272177625,0.6365412845995112,1.0,0.9572418027142576,0.9999999999999999,-0.22830131351081437,-0.2582448813725372,-0.19835774564909153,2.8430232558139537,2.685290252136757,3.0007562594911503
unseen_confirmatory,visitor_register,sparse_union,86,0.5348837209302325,0.4302430272177625,0.6365412845995112,0.5348837209302325,0.4302430272177625,0.6365412845995112,1.0,0.9572418027142576,0.9999999999999999,-0.16898015163145785,-0.19140898692317154,-0.14655131633974416,3.135174418604651,2.9798692378361222,3.29047959937318
unseen_confirmatory,visitor_register,late_negative_30_32,86,0.5232558139534884,0.41897826794012305,0.6255446066047263,0.5232558139534884,0.41897826794012305,0.6255446066047263,1.0,0.9572418027142576,0.9999999999999999,-0.30308893756117933,-0.34063981630148266,-0.265538058820876,2.4694767441860463,2.307110919823197,2.6318425685488958
unseen_confirmatory,dialogue,clean,86,0.5,0.3966097232742094,0.6033902767257906,1.0,0.9572418027142576,0.9999999999999999,1.0,0.9572418027142576,0.9999999999999999,-0.5580518639884716,-0.6128048869905511,-0.5032988409863921,2.3401162790697674,2.1778173369941305,2.5024152211454043
unseen_confirmatory,dialogue,generated_read_block,86,0.0,0.0,0.042758197285742226,0.5697674418604651,0.46436203379906343,0.6692065898354842,1.0,0.9572418027142576,0.9999999999999999,-0.5580518639884716,-0.6128048869905511,-0.5032988409863921,2.3401162790697674,2.1778173369941305,2.5024152211454043
unseen_confirmatory,dialogue,full_intermediate_bottleneck,86,0.0,0.0,0.042758197285742226,0.2441860465116279,0.16561965059864148,0.34462872940801736,0.6162790697674418,0.5106287727439646,0.7119855999802814,-2.061762134003085,-2.218469385267086,-1.905054882739084,0.18023255813953487,-0.03963955241399761,0.4001046686930674
unseen_confirmatory,dialogue,early_5_7,86,0.0,0.0,0.042758197285742226,0.29069767441860467,0.20532573748758295,0.3939683916087743,0.7093023255813954,0.6060316083912257,0.7946742625124171,-1.782894024668738,-1.931928682086849,-1.6338593672506267,0.502906976744186,0.2821767575457145,0.7236371959426576
unseen_confirmatory,dialogue,middle_12_14,86,0.0,0.0,0.042758197285742226,0.3023255813953488,0.21543521681479832,0.4061203495539834,0.6976744186046512,0.5938796504460166,0.7845647831852016,-1.8181085995463437,-1.9800891982623656,-1.6561280008303219,0.4636627906976744,0.2242074119963957,0.7031181693989531
unseen_confirmatory,dialogue,later_middle_19_21,86,0.0,0.0,0.042758197285742226,0.313953488372093,0.22561297202636443,0.418204031614842,0.7558139534883721,0.6553712705919826,0.8343803494013585,-1.5465927363135095,-1.6998261918459625,-1.3933592807810564,0.8706395348837209,0.6350411012720099,1.106237968495432
unseen_confirmatory,dialogue,sparse_union,86,0.0,0.0,0.042758197285742226,0.47674418604651164,0.3744553933952738,0.5810217320598771,0.9186046511627907,0.8413981733460679,0.9600135684612175,-0.9028702722212603,-1.0208558883373349,-0.7848846561051858,1.934593023255814,1.6975543522953418,2.1716316942162863
unseen_confirmatory,dialogue,late_negative_30_32,86,0.0,0.0,0.042758197285742226,0.26744186046511625,0.18532084622257786,0.36945040832893017,0.6395348837209303,0.5341068512119144,0.7330303960571808,-2.021522646726564,-2.177071660008752,-1.8659736334443757,0.24563953488372092,0.027354860876840498,0.4639242088906014
