template,condition,failure_category,count
dialogue,clean,correct_exact,48
dialogue,clean,correct_identity_strict_form_change,52
dialogue,early_5_7,correct_identity_strict_form_change,35
dialogue,early_5_7,other_output_failure,30
dialogue,early_5_7,partial_name,35
dialogue,full_intermediate_bottleneck,correct_identity_strict_form_change,29
dialogue,full_intermediate_bottleneck,other_output_failure,40
dialogue,full_intermediate_bottleneck,partial_name,31
dialogue,generated_read_block,correct_identity_strict_form_change,63
dialogue,generated_read_block,other_output_failure,1
dialogue,generated_read_block,partial_name,36
dialogue,late_negative_30_32,correct_identity_strict_form_change,31
dialogue,late_negative_30_32,other_output_failure,37
dialogue,late_negative_30_32,partial_name,32
dialogue,later_middle_19_21,correct_identity_strict_form_change,38
dialogue,later_middle_19_21,other_output_failure,24
dialogue,later_middle_19_21,partial_name,38
dialogue,middle_12_14,correct_identity_strict_form_change,35
dialogue,middle_12_14,other_output_failure,31
dialogue,middle_12_14,partial_name,34
dialogue,sparse_union,correct_identity_strict_form_change,55
dialogue,sparse_union,other_output_failure,8
dialogue,sparse_union,partial_name,37
direct_fact,clean,correct_exact,100
direct_fact,early_5_7,correct_exact,56
direct_fact,early_5_7,correct_identity_strict_form_change,1
direct_fact,early_5_7,partial_name,43
direct_fact,full_intermediate_bottleneck,correct_exact,53
direct_fact,full_intermediate_bottleneck,correct_identity_strict_form_change,5
direct_fact,full_intermediate_bottleneck,partial_name,42
direct_fact,generated_read_block,correct_exact,60
direct_fact,generated_read_block,partial_name,40
direct_fact,late_negative_30_32,correct_exact,54
direct_fact,late_negative_30_32,correct_identity_strict_form_change,4
direct_fact,late_negative_30_32,partial_name,42
direct_fact,later_middle_19_21,correct_exact,57
direct_fact,later_middle_19_21,correct_identity_strict_form_change,1
direct_fact,later_middle_19_21,partial_name,42
direct_fact,middle_12_14,correct_exact,57
direct_fact,middle_12_14,partial_name,43
direct_fact,sparse_union,correct_exact,58
direct_fact,sparse_union,partial_name,42
friend,clean,correct_exact,98
friend,clean,correct_identity_strict_form_change,2
friend,early_5_7,correct_exact,53
friend,early_5_7,generic_refusal_or_not_provided,1
friend,early_5_7,other_output_failure,1
friend,early_5_7,partial_name,45
friend,full_intermediate_bottleneck,correct_exact,17
friend,full_intermediate_bottleneck,generic_refusal_or_not_provided,31
friend,full_intermediate_bottleneck,other_output_failure,7
friend,full_intermediate_bottleneck,partial_name,45
friend,generated_read_block,correct_exact,56
friend,generated_read_block,correct_identity_strict_form_change,2
friend,generated_read_block,other_output_failure,1
friend,generated_read_block,partial_name,41
friend,late_negative_30_32,correct_exact,21
friend,late_negative_30_32,generic_refusal_or_not_provided,28
friend,late_negative_30_32,other_output_failure,7
friend,late_negative_30_32,partial_name,44
friend,later_middle_19_21,correct_exact,25
friend,later_middle_19_21,generic_refusal_or_not_provided,23
friend,later_middle_19_21,other_output_failure,7
friend,later_middle_19_21,partial_name,45
friend,middle_12_14,correct_exact,45
friend,middle_12_14,generic_refusal_or_not_provided,9
friend,middle_12_14,other_output_failure,1
friend,middle_12_14,partial_name,45
friend,sparse_union,correct_exact,54
friend,sparse_union,other_output_failure,1
friend,sparse_union,partial_name,45
person_in_list,clean,correct_exact,100
person_in_list,early_5_7,correct_exact,52
person_in_list,early_5_7,other_output_failure,7
person_in_list,early_5_7,partial_name,41
person_in_list,full_intermediate_bottleneck,correct_exact,49
person_in_list,full_intermediate_bottleneck,other_output_failure,11
person_in_list,full_intermediate_bottleneck,partial_name,40
person_in_list,generated_read_block,correct_exact,81
person_in_list,generated_read_block,partial_name,19
person_in_list,late_negative_30_32,correct_exact,50
person_in_list,late_negative_30_32,other_output_failure,11
person_in_list,late_negative_30_32,partial_name,39
person_in_list,later_middle_19_21,correct_exact,56
person_in_list,later_middle_19_21,other_output_failure,5
person_in_list,later_middle_19_21,partial_name,39
person_in_list,middle_12_14,correct_exact,59
person_in_list,middle_12_14,other_output_failure,6
person_in_list,middle_12_14,partial_name,35
person_in_list,sparse_union,correct_exact,71
person_in_list,sparse_union,other_output_failure,1
person_in_list,sparse_union,partial_name,28
visitor_register,clean,correct_exact,96
visitor_register,clean,correct_identity_strict_form_change,3
visitor_register,clean,other_output_failure,1
visitor_register,early_5_7,correct_exact,58
visitor_register,early_5_7,correct_identity_strict_form_change,2
visitor_register,early_5_7,generic_refusal_or_not_provided,1
visitor_register,early_5_7,partial_name,39
visitor_register,full_intermediate_bottleneck,correct_exact,57
visitor_register,full_intermediate_bottleneck,correct_identity_strict_form_change,2
visitor_register,full_intermediate_bottleneck,other_output_failure,1
visitor_register,full_intermediate_bottleneck,partial_name,40
visitor_register,generated_read_block,correct_exact,63
visitor_register,generated_read_block,correct_identity_strict_form_change,3
visitor_register,generated_read_block,generic_refusal_or_not_provided,1
visitor_register,generated_read_block,other_output_failure,1
visitor_register,generated_read_block,partial_name,32
visitor_register,late_negative_30_32,correct_exact,57
visitor_register,late_negative_30_32,correct_identity_strict_form_change,2
visitor_register,late_negative_30_32,other_output_failure,2
visitor_register,late_negative_30_32,partial_name,39
visitor_register,later_middle_19_21,correct_exact,58
visitor_register,later_middle_19_21,correct_identity_strict_form_change,2
visitor_register,later_middle_19_21,generic_refusal_or_not_provided,1
visitor_register,later_middle_19_21,partial_name,39
visitor_register,middle_12_14,correct_exact,58
visitor_register,middle_12_14,correct_identity_strict_form_change,2
visitor_register,middle_12_14,generic_refusal_or_not_provided,1
visitor_register,middle_12_14,other_output_failure,1
visitor_register,middle_12_14,partial_name,38
visitor_register,sparse_union,correct_exact,58
visitor_register,sparse_union,correct_identity_strict_form_change,2
visitor_register,sparse_union,generic_refusal_or_not_provided,1
visitor_register,sparse_union,other_output_failure,1
visitor_register,sparse_union,partial_name,38
