analysis_set,template,contrast_kind,baseline_condition,candidate_condition,n,semantic_rescued,semantic_harmed,semantic_unchanged_correct,semantic_unchanged_incorrect,baseline_semantic_failures,conditional_semantic_rescue_fraction,conditional_semantic_rescue_ci95_low,conditional_semantic_rescue_ci95_high,semantic_mcnemar_exact_p,exact_rescued,exact_harmed,exact_unchanged_correct,exact_unchanged_incorrect,baseline_exact_failures,conditional_exact_rescue_fraction,conditional_exact_rescue_ci95_low,conditional_exact_rescue_ci95_high,exact_mcnemar_exact_p,mean_paired_expected_log_probability_change,paired_expected_log_probability_change_ci95_low,paired_expected_log_probability_change_ci95_high,mean_paired_logit_margin_change,paired_logit_margin_change_ci95_low,paired_logit_margin_change_ci95_high,prespecified_primary,prespecified_late_control_comparison,semantic_holm_adjusted_p,exact_holm_adjusted_p
all_100,direct_fact,versus_full_bottleneck,full_intermediate_bottleneck,early_5_7,100,0,1,57,42,42,0.0,-6.938893903907228e-18,0.08379879086570391,1.0,4,1,52,43,47,0.0851063829787234,0.03359412345792552,0.19931537786964587,0.375,0.13034606158733367,0.0979986807173681,0.16269344245729922,0.4125,0.3108452454940487,0.5141547545059513,False,False,1.0,0.75
all_100,direct_fact,versus_full_bottleneck,full_intermediate_bottleneck,middle_12_14,100,0,1,57,42,42,0.0,-6.938893903907228e-18,0.08379879086570391,1.0,5,1,52,42,47,0.10638297872340426,0.04630478218108157,0.22594269343738355,0.21875,0.16419796187430621,0.12844448711124853,0.1999514366373639,0.52375,0.4212918450645874,0.6262081549354127,True,False,,
all_100,direct_fact,versus_full_bottleneck,full_intermediate_bottleneck,later_middle_19_21,100,0,0,58,42,42,0.0,-6.938893903907228e-18,0.08379879086570391,1.0,4,0,53,43,47,0.0851063829787234,0.03359412345792552,0.19931537786964587,0.125,0.0838290499150753,0.06770522887243227,0.09995287095771832,0.26875,0.22452534632017457,0.3129746536798254,False,False,1.0,0.375
all_100,direct_fact,versus_full_bottleneck,full_intermediate_bottleneck,sparse_union,100,0,0,58,42,42,0.0,-6.938893903907228e-18,0.08379879086570391,1.0,5,0,53,42,47,0.10638297872340426,0.04630478218108157,0.22594269343738355,0.0625,0.22195330496877433,0.17318481259334,0.27072179734420865,0.83,0.6755884670325816,0.9844115329674183,True,False,,
all_100,direct_fact,versus_full_bottleneck,full_intermediate_bottleneck,late_negative_30_32,100,0,0,58,42,42,0.0,-6.938893903907228e-18,0.08379879086570391,1.0,1,0,53,46,47,0.02127659574468085,0.0037657680385967812,0.11112981041629329,1.0,0.020521462634205817,0.013077253580645824,0.02796567168776581,0.05125,0.026298666583421743,0.07620133341657825,False,False,1.0,1.0
all_100,direct_fact,versus_late_negative,late_negative_30_32,early_5_7,100,0,1,57,42,42,0.0,-6.938893903907228e-18,0.08379879086570391,1.0,3,1,53,43,46,0.06521739130434782,0.022427861429288584,0.17502741081904216,0.625,0.10982459895312786,0.08181661630368628,0.13783258160256945,0.36125,0.26111057778584834,0.4613894222141517,False,True,1.0,0.75
all_100,direct_fact,versus_late_negative,late_negative_30_32,middle_12_14,100,0,1,57,42,42,0.0,-6.938893903907228e-18,0.08379879086570391,1.0,4,1,53,42,46,0.08695652173913043,0.03433586789472588,0.2032466407411883,0.375,0.1436764992401004,0.11230800170196546,0.17504499677823532,0.4725,0.37169972925263284,0.5733002707473671,False,True,1.0,0.75
all_100,direct_fact,versus_late_negative,late_negative_30_32,later_middle_19_21,100,0,0,58,42,42,0.0,-6.938893903907228e-18,0.08379879086570391,1.0,3,0,54,43,46,0.06521739130434782,0.022427861429288584,0.17502741081904216,0.25,0.06330758728086948,0.050425401433820335,0.07618977312791862,0.2175,0.17172260116003213,0.26327739883996787,False,True,1.0,0.75
all_100,direct_fact,versus_late_negative,late_negative_30_32,sparse_union,100,0,0,58,42,42,0.0,-6.938893903907228e-18,0.08379879086570391,1.0,4,0,54,42,46,0.08695652173913043,0.03433586789472588,0.2032466407411883,0.125,0.2014318423345685,0.15729768028000923,0.2455660043891278,0.77875,0.6266358913902077,0.9308641086097924,False,True,1.0,0.5
all_100,person_in_list,versus_full_bottleneck,full_intermediate_bottleneck,early_5_7,100,5,2,47,46,51,0.09803921568627451,0.04260807310761862,0.20978234681080865,0.453125,5,2,47,46,51,0.09803921568627451,0.04260807310761862,0.20978234681080865,0.453125,0.2116037379205227,0.18534416852207264,0.23786330731897276,0.43125,0.37809208661991717,0.4844079133800829,False,False,0.90625,0.90625
all_100,person_in_list,versus_full_bottleneck,full_intermediate_bottleneck,middle_12_14,100,10,0,49,41,51,0.19607843137254902,0.11015342512466689,0.3245807948136561,0.001953125,10,0,49,41,51,0.19607843137254902,0.11015342512466689,0.3245807948136561,0.001953125,0.24996848195791244,0.21682738823158462,0.2831095756842402,0.62375,0.5614313401194936,0.6860686598805065,False,False,0.005859375,0.005859375
all_100,person_in_list,versus_full_bottleneck,full_intermediate_bottleneck,later_middle_19_21,100,8,1,48,43,51,0.1568627450980392,0.08169223220048706,0.2801044677298776,0.0390625,8,1,48,43,51,0.1568627450980392,0.08169223220048706,0.2801044677298776,0.0390625,0.45650792963802816,0.4077380756878602,0.5052777835881962,1.22625,1.1410794296252016,1.3114205703747985,True,False,,
all_100,person_in_list,versus_full_bottleneck,full_intermediate_bottleneck,sparse_union,100,22,0,49,29,51,0.43137254901960786,0.3050123610790954,0.5673469789069776,4.76837158203125e-07,22,0,49,29,51,0.43137254901960786,0.3050123610790954,0.5673469789069776,4.76837158203125e-07,0.7063254464790225,0.617915730965172,0.794735161992873,2.29,2.1461572301739866,2.4338427698260134,True,False,,
all_100,person_in_list,versus_full_bottleneck,full_intermediate_bottleneck,late_negative_30_32,100,1,0,49,50,51,0.0196078431372549,0.0034696926410608536,0.10304568726144975,1.0,1,0,49,50,51,0.0196078431372549,0.0034696926410608536,0.10304568726144975,1.0,0.04631168395280838,0.03306308807010437,0.05956027983551239,0.0775,0.04956766610761339,0.10543233389238661,False,False,1.0,1.0
all_100,person_in_list,versus_late_negative,late_negative_30_32,early_5_7,100,4,2,48,46,50,0.08,0.03154951408859298,0.18838246918342838,0.6875,4,2,48,46,50,0.08,0.03154951408859298,0.18838246918342838,0.6875,0.16529205396771432,0.1418938133140385,0.18869029462139014,0.35375,0.3012176477870468,0.4062823522129532,False,True,0.6875,0.6875
all_100,person_in_list,versus_late_negative,late_negative_30_32,middle_12_14,100,9,0,50,41,50,0.18,0.09770192670234178,0.30796053674300783,0.00390625,9,0,50,41,50,0.18,0.09770192670234178,0.30796053674300783,0.00390625,0.20365679800510406,0.1719263667830998,0.2353872292271083,0.54625,0.48573633222389007,0.60676366777611,False,True,0.01171875,0.01171875
all_100,person_in_list,versus_late_negative,late_negative_30_32,later_middle_19_21,100,7,1,49,43,50,0.14,0.06950833427016294,0.2618619371058554,0.0703125,7,1,49,43,50,0.14,0.06950833427016294,0.2618619371058554,0.0703125,0.4101962456852198,0.36472563035152544,0.4556668610189141,1.14875,1.0636524190123922,1.2338475809876077,False,True,0.140625,0.140625
all_100,person_in_list,versus_late_negative,late_negative_30_32,sparse_union,100,21,0,50,29,50,0.42,0.2937500335471198,0.5576655823142176,9.5367431640625e-07,21,0,50,29,50,0.42,0.2937500335471198,0.5576655823142176,9.5367431640625e-07,0.6600137625262141,0.57553938083106,0.7444881442213682,2.2125,2.070368592751801,2.3546314072481986,False,True,3.814697265625e-06,3.814697265625e-06
all_100,friend,versus_full_bottleneck,full_intermediate_bottleneck,early_5_7,100,36,0,17,47,83,0.43373493975903615,0.3323916544628671,0.5409407359716114,2.9103830456733704e-11,36,0,17,47,83,0.43373493975903615,0.3323916544628671,0.5409407359716114,2.9103830456733704e-11,1.3469690792262554,1.0932736441667008,1.60066451428581,1.1775,0.8791130580321804,1.4758869419678196,True,False,,
all_100,friend,versus_full_bottleneck,full_intermediate_bottleneck,middle_12_14,100,28,0,17,55,83,0.3373493975903614,0.24484304754652997,0.44424554715628084,7.450580596923828e-09,28,0,17,55,83,0.3373493975903614,0.24484304754652997,0.44424554715628084,7.450580596923828e-09,0.975346979945898,0.8151241655047234,1.1355697943870726,1.04125,0.8790839102328263,1.2034160897671737,False,False,2.2351741790771484e-08,2.2351741790771484e-08
all_100,friend,versus_full_bottleneck,full_intermediate_bottleneck,later_middle_19_21,100,8,0,17,75,83,0.0963855421686747,0.04965274035892192,0.17882636501471963,0.0078125,8,0,17,75,83,0.0963855421686747,0.04965274035892192,0.17882636501471963,0.0078125,0.2988515090942383,0.25369742953294677,0.3440055886555298,0.335,0.274054029603037,0.39594597039696305,False,False,0.015625,0.015625
all_100,friend,versus_full_bottleneck,full_intermediate_bottleneck,sparse_union,100,37,0,17,46,83,0.4457831325301205,0.343613029268308,0.552749835632629,1.4551915228366852e-11,37,0,17,46,83,0.4457831325301205,0.343613029268308,0.552749835632629,1.4551915228366852e-11,1.741928521692753,1.466162778592527,2.0176942647929788,1.94125,1.597999514899893,2.284500485100107,True,False,,
all_100,friend,versus_full_bottleneck,full_intermediate_bottleneck,late_negative_30_32,100,4,0,17,79,83,0.04819277108433735,0.01889861550329229,0.1174585920045154,0.125,4,0,17,79,83,0.04819277108433735,0.01889861550329229,0.1174585920045154,0.125,0.08654893279075622,0.06578676599349143,0.10731109958802101,0.09,0.06069965503206626,0.11930034496793374,False,False,0.125,0.125
all_100,friend,versus_late_negative,late_negative_30_32,early_5_7,100,32,0,21,47,79,0.4050632911392405,0.3036627826338571,0.5152684600852422,4.656612873077393e-10,32,0,21,47,79,0.4050632911392405,0.3036627826338571,0.5152684600852422,4.656612873077393e-10,1.2604201464354992,1.0158339303368595,1.5050063625341388,1.0875,0.7981350279049837,1.3768649720950161,False,True,1.3969838619232178e-09,1.3969838619232178e-09
all_100,friend,versus_late_negative,late_negative_30_32,middle_12_14,100,24,0,21,55,79,0.3037974683544304,0.21344462783876017,0.4123466071140449,1.1920928955078125e-07,24,0,21,55,79,0.3037974683544304,0.21344462783876017,0.4123466071140449,1.1920928955078125e-07,0.8887980471551419,0.7364847676791695,1.0411113266311143,0.95125,0.7956608384266002,1.1068391615734,False,True,2.384185791015625e-07,2.384185791015625e-07
all_100,friend,versus_late_negative,late_negative_30_32,later_middle_19_21,100,5,1,20,74,79,0.06329113924050633,0.027334864880068373,0.13974885162778813,0.21875,5,1,20,74,79,0.06329113924050633,0.027334864880068373,0.13974885162778813,0.21875,0.21230257630348207,0.17121090829549754,0.2533942443114666,0.245,0.18783787294536236,0.30216212705463763,False,True,0.21875,0.21875
all_100,friend,versus_late_negative,late_negative_30_32,sparse_union,100,33,0,21,46,79,0.4177215189873418,0.315266281401218,0.527807462288668,2.3283064365386963e-10,33,0,21,46,79,0.4177215189873418,0.315266281401218,0.527807462288668,2.3283064365386963e-10,1.6553795889019967,1.3887840965011389,1.9219750813028544,1.85125,1.517858088346773,2.184641911653227,False,True,9.313225746154785e-10,9.313225746154785e-10
all_100,visitor_register,versus_full_bottleneck,full_intermediate_bottleneck,early_5_7,100,2,1,58,39,41,0.04878048780487805,0.013480945365169042,0.16138978870370846,1.0,2,1,56,41,43,0.046511627906976744,0.012849260094380227,0.15455498004063967,1.0,0.05207311294972897,0.04084419102979578,0.06330203486966215,0.1675,0.12620425774325703,0.208795742256743,False,False,1.0,1.0
all_100,visitor_register,versus_full_bottleneck,full_intermediate_bottleneck,middle_12_14,100,3,2,57,38,41,0.07317073170731707,0.02519783063390993,0.19427448537719041,1.0,3,2,55,40,43,0.06976744186046512,0.024011589577214484,0.18608986901241975,1.0,0.05495854593813419,0.04515218028094049,0.06476491159532789,0.2125,0.1766353378560908,0.24836466214390918,False,False,1.0,1.0
all_100,visitor_register,versus_full_bottleneck,full_intermediate_bottleneck,later_middle_19_21,100,2,1,58,39,41,0.04878048780487805,0.013480945365169042,0.16138978870370846,1.0,2,1,56,41,43,0.046511627906976744,0.012849260094380227,0.15455498004063967,1.0,0.0973323291912675,0.08302655265263771,0.11163810572989728,0.395,0.35875274305944527,0.43124725694055477,False,False,1.0,1.0
all_100,visitor_register,versus_full_bottleneck,full_intermediate_bottleneck,sparse_union,100,4,3,56,37,41,0.0975609756097561,0.03859708489808934,0.22547681305523387,1.0,4,3,54,39,43,0.09302325581395349,0.03677164063171276,0.21602703641253587,1.0,0.1703592811897397,0.14480781969075446,0.19591074268872494,0.71125,0.6530349658433046,0.7694650341566955,True,False,,
all_100,visitor_register,versus_full_bottleneck,full_intermediate_bottleneck,late_negative_30_32,100,3,3,56,38,41,0.07317073170731707,0.02519783063390993,0.19427448537719041,1.0,3,3,54,40,43,0.06976744186046512,0.024011589577214484,0.18608986901241975,1.0,0.01581119365990162,0.009032434202096356,0.022589953117706885,0.035,0.010811173681497133,0.05918882631850288,False,False,1.0,1.0
all_100,visitor_register,versus_late_negative,late_negative_30_32,early_5_7,100,2,1,58,39,41,0.04878048780487805,0.013480945365169042,0.16138978870370846,1.0,2,1,56,41,43,0.046511627906976744,0.012849260094380227,0.15455498004063967,1.0,0.036261919289827346,0.026526326656695104,0.04599751192295959,0.1325,0.09391120415351134,0.17108879584648867,False,True,1.0,1.0
all_100,visitor_register,versus_late_negative,late_negative_30_32,middle_12_14,100,2,1,58,39,41,0.04878048780487805,0.013480945365169042,0.16138978870370846,1.0,2,1,56,41,43,0.046511627906976744,0.012849260094380227,0.15455498004063967,1.0,0.03914735227823257,0.029006102516185184,0.04928860204027996,0.1775,0.13546453809050524,0.21953546190949474,False,True,1.0,1.0
all_100,visitor_register,versus_late_negative,late_negative_30_32,later_middle_19_21,100,2,1,58,39,41,0.04878048780487805,0.013480945365169042,0.16138978870370846,1.0,2,1,56,41,43,0.046511627906976744,0.012849260094380227,0.15455498004063967,1.0,0.08152113553136588,0.06930301315910696,0.09373925790362479,0.36,0.3213372021424475,0.3986627978575525,False,True,1.0,1.0
all_100,visitor_register,versus_late_negative,late_negative_30_32,sparse_union,100,3,2,57,38,41,0.07317073170731707,0.02519783063390993,0.19427448537719041,1.0,3,2,55,40,43,0.06976744186046512,0.024011589577214484,0.18608986901241975,1.0,0.1545480875298381,0.13146403378309646,0.17763214127657972,0.67625,0.6188519236832174,0.7336480763167826,False,True,1.0,1.0
all_100,dialogue,versus_full_bottleneck,full_intermediate_bottleneck,early_5_7,100,6,0,29,65,71,0.08450704225352113,0.03930650771071112,0.1723603821430428,0.03125,0,0,0,100,100,0.0,3.469446951953614e-18,0.03699349820698568,1.0,0.270156190097332,0.24560810769120062,0.29470427250346337,0.30375,0.2655764759303631,0.34192352406963694,False,False,0.09375,1.0
all_100,dialogue,versus_full_bottleneck,full_intermediate_bottleneck,middle_12_14,100,6,0,29,65,71,0.08450704225352113,0.03930650771071112,0.1723603821430428,0.03125,0,0,0,100,100,0.0,3.469446951953614e-18,0.03699349820698568,1.0,0.2235207164287567,0.19043110904933308,0.25661032380818033,0.255,0.20918189686421634,0.30081810313578367,False,False,0.09375,1.0
all_100,dialogue,versus_full_bottleneck,full_intermediate_bottleneck,later_middle_19_21,100,11,2,27,60,71,0.15492957746478872,0.08877304270169767,0.25650962853277587,0.0224609375,0,0,0,100,100,0.0,3.469446951953614e-18,0.03699349820698568,1.0,0.48287924855947495,0.43974123761481393,0.526017259504136,0.6475,0.5857940880642469,0.709205911935753,False,False,0.08984375,1.0
all_100,dialogue,versus_full_bottleneck,full_intermediate_bottleneck,sparse_union,100,28,2,27,43,71,0.39436619718309857,0.288934012922929,0.5106423150059914,8.67992639541626e-07,0,0,0,100,100,0.0,3.469446951953614e-18,0.03699349820698568,1.0,1.1175407650321723,1.0437805075851483,1.1913010224791962,1.67125,1.567348879531194,1.7751511204688057,True,False,,
all_100,dialogue,versus_full_bottleneck,full_intermediate_bottleneck,late_negative_30_32,100,2,0,29,69,71,0.028169014084507043,0.007759263582683522,0.0970150011664947,0.5,0,0,0,100,100,0.0,3.469446951953614e-18,0.03699349820698568,1.0,0.040021126866340635,0.028040103908268433,0.05200214982441284,0.065,0.04685923658359572,0.08314076341640428,False,False,0.5,1.0
all_100,dialogue,versus_late_negative,late_negative_30_32,early_5_7,100,5,1,30,64,69,0.07246376811594203,0.03134777142998149,0.1586739420939903,0.21875,0,0,0,100,100,0.0,3.469446951953614e-18,0.03699349820698568,1.0,0.23013506323099137,0.20537316871736322,0.2548969577446195,0.23875,0.1996373919922576,0.2778626080077424,False,True,0.25,1.0
all_100,dialogue,versus_late_negative,late_negative_30_32,middle_12_14,100,4,0,31,65,69,0.057971014492753624,0.02277238888037121,0.13979243357661653,0.125,0,0,0,100,100,0.0,3.469446951953614e-18,0.03699349820698568,1.0,0.18349958956241608,0.14879931016181633,0.21819986896301583,0.19,0.14237837561154992,0.23762162438845008,False,True,0.25,1.0
all_100,dialogue,versus_late_negative,late_negative_30_32,later_middle_19_21,100,9,2,29,60,69,0.13043478260869565,0.07016627839603491,0.2296829993958729,0.0654296875,0,0,0,100,100,0.0,3.469446951953614e-18,0.03699349820698568,1.0,0.4428581216931343,0.39881474000407036,0.4869015033821983,0.5825,0.5195143499733672,0.6454856500266328,False,True,0.1962890625,1.0
all_100,dialogue,versus_late_negative,late_negative_30_32,sparse_union,100,26,2,29,43,69,0.37681159420289856,0.27183529027019365,0.4947811356604423,3.032386302947998e-06,0,0,0,100,100,0.0,3.469446951953614e-18,0.03699349820698568,1.0,1.0775196381658316,1.00268749484622,1.1523517814854431,1.60625,1.4973999961330238,1.7151000038669761,False,True,1.2129545211791992e-05,1.0
unseen_confirmatory,direct_fact,versus_full_bottleneck,full_intermediate_bottleneck,early_5_7,86,0,1,43,42,42,0.0,-6.938893903907228e-18,0.08379879086570391,1.0,1,1,41,43,44,0.022727272727272728,0.004023252060053224,0.11807709698213287,1.0,0.09243704811778179,0.06801896889350323,0.11685512734206036,0.3241279069767442,0.2289192003134846,0.41933661364000385,False,False,1.0,1.0
unseen_confirmatory,direct_fact,versus_full_bottleneck,full_intermediate_bottleneck,middle_12_14,86,0,1,43,42,42,0.0,-6.938893903907228e-18,0.08379879086570391,1.0,2,1,41,42,44,0.045454545454545456,0.012555109949594967,0.15134998437629657,1.0,0.12799156920681165,0.09797769172965198,0.15800544668397132,0.45930232558139533,0.3532558392159814,0.5653488119468093,True,False,,
unseen_confirmatory,direct_fact,versus_full_bottleneck,full_intermediate_bottleneck,later_middle_19_21,86,0,0,44,42,42,0.0,-6.938893903907228e-18,0.08379879086570391,1.0,2,0,42,42,44,0.045454545454545456,0.012555109949594967,0.15134998437629657,0.5,0.06572336192394412,0.052937874395600625,0.07850884945228762,0.24563953488372092,0.1976192984492562,0.29365977131818566,False,False,1.0,1.0
unseen_confirmatory,direct_fact,versus_full_bottleneck,full_intermediate_bottleneck,sparse_union,86,0,0,44,42,42,0.0,-6.938893903907228e-18,0.08379879086570391,1.0,2,0,42,42,44,0.045454545454545456,0.012555109949594967,0.15134998437629657,0.5,0.17045216751826364,0.13130876804029518,0.2095955669962321,0.7005813953488372,0.5528001302044205,0.8483626604932539,True,False,,
unseen_confirmatory,direct_fact,versus_full_bottleneck,full_intermediate_bottleneck,late_negative_30_32,86,0,0,44,42,42,0.0,-6.938893903907228e-18,0.08379879086570391,1.0,0,0,42,44,44,0.0,0.0,0.08029560375848066,1.0,0.01505192967001782,0.008044171465026794,0.022059687875008845,0.04941860465116279,0.02145239974153238,0.07738480956079319,False,False,1.0,1.0
unseen_confirmatory,direct_fact,versus_late_negative,late_negative_30_32,early_5_7,86,0,1,43,42,42,0.0,-6.938893903907228e-18,0.08379879086570391,1.0,1,1,41,43,44,0.022727272727272728,0.004023252060053224,0.11807709698213287,1.0,0.07738511844776398,0.055652081396130745,0.09911815549939722,0.2747093023255814,0.17981691140069614,0.36960169325046666,False,True,1.0,1.0
unseen_confirmatory,direct_fact,versus_late_negative,late_negative_30_32,middle_12_14,86,0,1,43,42,42,0.0,-6.938893903907228e-18,0.08379879086570391,1.0,2,1,41,42,44,0.045454545454545456,0.012555109949594967,0.15134998437629657,1.0,0.11293963953679384,0.08574736471421368,0.140131914359374,0.40988372093023256,0.30398001572487887,0.5157874261355863,False,True,1.0,1.0
unseen_confirmatory,direct_fact,versus_late_negative,late_negative_30_32,later_middle_19_21,86,0,0,44,42,42,0.0,-6.938893903907228e-18,0.08379879086570391,1.0,2,0,42,42,44,0.045454545454545456,0.012555109949594967,0.15134998437629657,0.5,0.0506714322539263,0.03967160017286009,0.06167126433499251,0.19622093023255813,0.1462868400368817,0.24615502042823456,False,True,1.0,1.0
unseen_confirmatory,direct_fact,versus_late_negative,late_negative_30_32,sparse_union,86,0,0,44,42,42,0.0,-6.938893903907228e-18,0.08379879086570391,1.0,2,0,42,42,44,0.045454545454545456,0.012555109949594967,0.15134998437629657,0.5,0.15540023784824583,0.11947397888726949,0.19132649680922217,0.6511627906976745,0.504308598245344,0.7980169831500049,False,True,1.0,1.0
unseen_confirmatory,person_in_list,versus_full_bottleneck,full_intermediate_bottleneck,early_5_7,86,4,2,35,45,49,0.08163265306122448,0.032202817667763686,0.19189127596571287,0.6875,4,2,35,45,49,0.08163265306122448,0.032202817667763686,0.19189127596571287,0.6875,0.2156535071689029,0.18662896361504486,0.24467805072276097,0.4331395348837209,0.37533764939031256,0.4909414203771293,False,False,1.0,1.0
unseen_confirmatory,person_in_list,versus_full_bottleneck,full_intermediate_bottleneck,middle_12_14,86,8,0,37,41,49,0.16326530612244897,0.08512698370728837,0.2903633843391683,0.0078125,8,0,37,41,49,0.16326530612244897,0.08512698370728837,0.2903633843391683,0.0078125,0.24704969362464063,0.21149783261887853,0.2826015546304027,0.6206395348837209,0.5537880433866929,0.687491026380749,False,False,0.0234375,0.0234375
unseen_confirmatory,person_in_list,versus_full_bottleneck,full_intermediate_bottleneck,later_middle_19_21,86,6,1,36,43,49,0.12244897959183673,0.05734825790240154,0.2424439729375651,0.125,6,1,36,43,49,0.12244897959183673,0.05734825790240154,0.2424439729375651,0.125,0.46435012365149897,0.4102902808894172,0.5184099664135807,1.2674418604651163,1.1735932329929546,1.361290487937278,True,False,,
unseen_confirmatory,person_in_list,versus_full_bottleneck,full_intermediate_bottleneck,sparse_union,86,20,0,37,29,49,0.40816326530612246,0.28215238520386865,0.5475268060815286,1.9073486328125e-06,20,0,37,29,49,0.40816326530612246,0.28215238520386865,0.5475268060815286,1.9073486328125e-06,0.7161268005797337,0.6182836106174376,0.8139699905420297,2.3677325581395348,2.2303167344001356,2.505148381878934,True,False,,
unseen_confirmatory,person_in_list,versus_full_bottleneck,full_intermediate_bottleneck,late_negative_30_32,86,1,0,37,48,49,0.02040816326530612,0.0036116725898252405,0.10693521523391616,1.0,1,0,37,48,49,0.02040816326530612,0.0036116725898252405,0.10693521523391616,1.0,0.04787953665783239,0.03322884223884044,0.06253023107682434,0.07703488372093023,0.045681418391949,0.10838834904991146,False,False,1.0,1.0
unseen_confirmatory,person_in_list,versus_late_negative,late_negative_30_32,early_5_7,86,3,2,36,45,48,0.0625,0.021483232908389285,0.1683543805494635,1.0,3,2,36,45,48,0.0625,0.021483232908389285,0.1683543805494635,1.0,0.1677739705110705,0.14241563034189392,0.1931323106802471,0.3561046511627907,0.2984755592754344,0.41373374305014704,False,True,1.0,1.0
unseen_confirmatory,person_in_list,versus_late_negative,late_negative_30_32,middle_12_14,86,7,0,38,41,48,0.14583333333333334,0.07248249326603709,0.27167176524746284,0.015625,7,0,38,41,48,0.14583333333333334,0.07248249326603709,0.27167176524746284,0.015625,0.19917015696680823,0.1656922863352892,0.23264802759832726,0.5436046511627907,0.47824619402877483,0.6089631082968066,False,True,0.046875,0.046875
unseen_confirmatory,person_in_list,versus_late_negative,late_negative_30_32,later_middle_19_21,86,5,1,37,43,48,0.10416666666666667,0.045321719041813105,0.2216742169438633,0.21875,5,1,37,43,48,0.10416666666666667,0.045321719041813105,0.2216742169438633,0.21875,0.41647058699366657,0.36668451388760215,0.466256660099731,1.190406976744186,1.0972302794240756,1.2835836740642965,False,True,0.4375,0.4375
unseen_confirmatory,person_in_list,versus_late_negative,late_negative_30_32,sparse_union,86,19,0,38,29,48,0.3958333333333333,0.2702082786059137,0.5368959150745274,3.814697265625e-06,19,0,38,29,48,0.3958333333333333,0.2702082786059137,0.5368959150745274,3.814697265625e-06,0.6682472639219013,0.5753675533117042,0.7611269745320983,2.2906976744186047,2.156638018380489,2.4247573304567203,False,True,1.52587890625e-05,1.52587890625e-05
unseen_confirmatory,friend,versus_full_bottleneck,full_intermediate_bottleneck,early_5_7,86,25,0,14,47,72,0.3472222222222222,0.24753423008275116,0.46238696154394426,5.960464477539063e-08,25,0,14,47,72,0.3472222222222222,0.24753423008275116,0.46238696154394426,5.960464477539063e-08,1.15842531153629,0.888318239836091,1.428532383236489,0.9578488372093024,0.6389762596133356,1.276721414805269,True,False,,
unseen_confirmatory,friend,versus_full_bottleneck,full_intermediate_bottleneck,middle_12_14,86,18,0,14,54,72,0.25,0.1643905122547895,0.3609350740434394,7.62939453125e-06,18,0,14,54,72,0.25,0.1643905122547895,0.3609350740434394,7.62939453125e-06,0.8347733060634414,0.6710269075819972,0.9985197045448855,0.9113372093023255,0.7425949171297637,1.0800795014748874,False,False,2.288818359375e-05,2.288818359375e-05
unseen_confirmatory,friend,versus_full_bottleneck,full_intermediate_bottleneck,later_middle_19_21,86,8,0,14,64,72,0.1111111111111111,0.057388196349493464,0.20422938233664037,0.0078125,8,0,14,64,72,0.1111111111111111,0.057388196349493464,0.20422938233664037,0.0078125,0.26887869419053545,0.22146893251954405,0.3162884558615269,0.3023255813953488,0.23623460112346073,0.3684165616672369,False,False,0.015625,0.015625
unseen_confirmatory,friend,versus_full_bottleneck,full_intermediate_bottleneck,sparse_union,86,26,0,14,46,72,0.3611111111111111,0.25981679706174077,0.4764751953261641,2.9802322387695312e-08,26,0,14,46,72,0.3611111111111111,0.25981679706174077,0.4764751953261641,2.9802322387695312e-08,1.5356544105466021,1.2423254861663242,1.82898333492688,1.6656976744186047,1.3041815792260443,2.027213769611165,True,False,,
unseen_confirmatory,friend,versus_full_bottleneck,full_intermediate_bottleneck,late_negative_30_32,86,4,0,14,68,72,0.05555555555555555,0.02181421598131665,0.13432015965997918,0.125,4,0,14,68,72,0.05555555555555555,0.02181421598131665,0.13432015965997918,0.125,0.07921114217403323,0.056288003672415564,0.10213428067565089,0.08139534883720931,0.048567628690629736,0.11422306898378888,False,False,0.125,0.125
unseen_confirmatory,friend,versus_late_negative,late_negative_30_32,early_5_7,86,21,0,18,47,68,0.3088235294117647,0.21172386467551985,0.42636811693509546,9.5367431640625e-07,21,0,18,47,68,0.3088235294117647,0.21172386467551985,0.42636811693509546,9.5367431640625e-07,1.0792141693622568,0.8187781164273803,1.3396502222971334,0.876453488372093,0.5665612313808319,1.1863457453633541,False,True,2.86102294921875e-06,2.86102294921875e-06
unseen_confirmatory,friend,versus_late_negative,late_negative_30_32,middle_12_14,86,14,0,18,54,68,0.20588235294117646,0.1267956087952063,0.316422824451894,0.0001220703125,14,0,18,54,68,0.20588235294117646,0.1267956087952063,0.316422824451894,0.0001220703125,0.7555621638894081,0.599946582448805,0.9111777453300112,0.8299418604651163,0.6670576493026795,0.9928260716275531,False,True,0.000244140625,0.000244140625
unseen_confirmatory,friend,versus_late_negative,late_negative_30_32,later_middle_19_21,86,5,1,17,63,68,0.07352941176470588,0.031814844251117996,0.16085188395717748,0.21875,5,1,17,63,68,0.07352941176470588,0.031814844251117996,0.16085188395717748,0.21875,0.1896675520165022,0.14579115305596538,0.23354395097703903,0.22093023255813954,0.1580886938517932,0.2837717712644859,False,True,0.21875,0.21875
unseen_confirmatory,friend,versus_late_negative,late_negative_30_32,sparse_union,86,22,0,18,46,68,0.3235294117647059,0.22437604095329994,0.44155501899496036,4.76837158203125e-07,22,0,18,46,68,0.3235294117647059,0.22437604095329994,0.44155501899496036,4.76837158203125e-07,1.456443268372569,1.1730550163342828,1.7398315204108552,1.5843023255813953,1.2330768154929694,1.9355278356698211,False,True,1.9073486328125e-06,1.9073486328125e-06
unseen_confirmatory,visitor_register,versus_full_bottleneck,full_intermediate_bottleneck,early_5_7,86,1,1,45,39,40,0.025,0.0044268315026814095,0.1288136896347409,1.0,1,1,45,39,40,0.025,0.0044268315026814095,0.1288136896347409,1.0,0.04511859675132951,0.03524818074213054,0.05498901276052848,0.15843023255813954,0.11369374780665845,0.20316671730962063,False,False,1.0,1.0
unseen_confirmatory,visitor_register,versus_full_bottleneck,full_intermediate_bottleneck,middle_12_14,86,2,2,44,38,40,0.05,0.013820667386148344,0.16503877369140962,1.0,2,2,44,38,40,0.05,0.013820667386148344,0.16503877369140962,1.0,0.05381725919108058,0.044822756715994186,0.06281176166616698,0.22674418604651161,0.18962905413972836,0.26385931795329487,False,False,1.0,1.0
unseen_confirmatory,visitor_register,versus_full_bottleneck,full_intermediate_bottleneck,later_middle_19_21,86,1,1,45,39,40,0.025,0.0044268315026814095,0.1288136896347409,1.0,1,1,45,39,40,0.025,0.0044268315026814095,0.1288136896347409,1.0,0.09047569555425367,0.07702983774672287,0.10392155336178446,0.4069767441860465,0.369257647589013,0.44469584078308,False,False,1.0,1.0
unseen_confirmatory,visitor_register,versus_full_bottleneck,full_intermediate_bottleneck,sparse_union,86,3,3,43,37,40,0.075,0.025836025774588198,0.19864233524310543,1.0,3,3,43,37,40,0.075,0.025836025774588198,0.19864233524310543,1.0,0.14979685743361018,0.1288395456802848,0.17075416918693556,0.6991279069767442,0.641080912061898,0.7571749018915904,True,False,,
unseen_confirmatory,visitor_register,versus_full_bottleneck,full_intermediate_bottleneck,late_negative_30_32,86,2,3,43,38,40,0.05,0.013820667386148344,0.16503877369140962,1.0,2,3,43,38,40,0.05,0.013820667386148344,0.16503877369140962,1.0,0.01568807150388873,0.008135019912446284,0.023241123095331176,0.03343023255813953,0.005723461654740861,0.061137003461538206,False,False,1.0,1.0
unseen_confirmatory,visitor_register,versus_late_negative,late_negative_30_32,early_5_7,86,2,1,44,39,41,0.04878048780487805,0.013480945365169042,0.16138978870370846,1.0,2,1,44,39,41,0.04878048780487805,0.013480945365169042,0.16138978870370846,1.0,0.029430525247440782,0.021080754699595118,0.037780295795286446,0.125,0.08287539179927116,0.16712460820072883,False,True,1.0,1.0
unseen_confirmatory,visitor_register,versus_late_negative,late_negative_30_32,middle_12_14,86,2,1,44,39,41,0.04878048780487805,0.013480945365169042,0.16138978870370846,1.0,2,1,44,39,41,0.04878048780487805,0.013480945365169042,0.16138978870370846,1.0,0.038129187687191854,0.027664007045662485,0.04859436832872122,0.1933139534883721,0.14741534491896885,0.23921256205777536,False,True,1.0,1.0
unseen_confirmatory,visitor_register,versus_late_negative,late_negative_30_32,later_middle_19_21,86,2,1,44,39,41,0.04878048780487805,0.013480945365169042,0.16138978870370846,1.0,2,1,44,39,41,0.04878048780487805,0.013480945365169042,0.16138978870370846,1.0,0.07478762405036493,0.06400558307380595,0.08556966502692391,0.373546511627907,0.33295543375452236,0.4141375895012916,False,True,1.0,1.0
unseen_confirmatory,visitor_register,versus_late_negative,late_negative_30_32,sparse_union,86,3,2,43,38,41,0.07317073170731707,0.02519783063390993,0.19427448537719041,1.0,3,2,43,38,41,0.07317073170731707,0.02519783063390993,0.19427448537719041,1.0,0.13410878592972145,0.11645120852122881,0.15176636333821408,0.6656976744186046,0.6073510027835672,0.724044346053642,False,True,1.0,1.0
unseen_confirmatory,dialogue,versus_full_bottleneck,full_intermediate_bottleneck,early_5_7,86,4,0,21,61,65,0.06153846153846154,0.024189054966350286,0.1478215186552319,0.125,0,0,0,86,86,0.0,0.0,0.042758197285742226,1.0,0.27886810933434686,0.25203881665781136,0.30569740201088236,0.3226744186046512,0.2814695180225314,0.36387931918677097,False,False,0.328125,1.0
unseen_confirmatory,dialogue,versus_full_bottleneck,full_intermediate_bottleneck,middle_12_14,86,5,0,21,60,65,0.07692307692307693,0.03330350149516352,0.1677593327011,0.0625,0,0,0,86,86,0.0,0.0,0.042758197285742226,1.0,0.24365353445674098,0.20776780731773892,0.27953926159574305,0.28343023255813954,0.2331783874624655,0.3336820776538136,False,False,0.25,1.0
unseen_confirmatory,dialogue,versus_full_bottleneck,full_intermediate_bottleneck,later_middle_19_21,86,8,2,19,57,65,0.12307692307692308,0.06370467509869226,0.22451494082161527,0.109375,0,0,0,86,86,0.0,0.0,0.042758197285742226,1.0,0.5151693976895754,0.47100279505136694,0.5593360003277839,0.690406976744186,0.6258342183367354,0.7549797351516367,False,False,0.328125,1.0
unseen_confirmatory,dialogue,versus_full_bottleneck,full_intermediate_bottleneck,sparse_union,86,22,2,19,43,65,0.3384615384615385,0.2353350331209667,0.45961623084487946,3.5881996154785156e-05,0,0,0,86,86,0.0,0.0,0.042758197285742226,1.0,1.1588918617818245,1.0794804265165518,1.238303297047097,1.754360465116279,1.646027410492937,1.8626935197396208,True,False,,
unseen_confirmatory,dialogue,versus_full_bottleneck,full_intermediate_bottleneck,late_negative_30_32,86,2,0,21,63,65,0.03076923076923077,0.008478997236440126,0.10542705523577942,0.5,0,0,0,86,86,0.0,0.0,0.042758197285742226,1.0,0.04023948727652084,0.027455991150806543,0.05302298340223513,0.06540697674418605,0.0453825404596388,0.0854314130287333,False,False,0.5,1.0
unseen_confirmatory,dialogue,versus_late_negative,late_negative_30_32,early_5_7,86,3,1,22,60,63,0.047619047619047616,0.0163261688679956,0.13090967837906073,0.625,0,0,0,86,86,0.0,0.0,0.042758197285742226,1.0,0.238628622057826,0.2109250853141965,0.26633215880145555,0.25726744186046513,0.2142781932074074,0.3002566905135229,False,True,0.75,1.0
unseen_confirmatory,dialogue,versus_late_negative,late_negative_30_32,middle_12_14,86,3,0,23,60,63,0.047619047619047616,0.0163261688679956,0.13090967837906073,0.25,0,0,0,86,86,0.0,0.0,0.042758197285742226,1.0,0.20341404718022013,0.1658250683114463,0.24100302604899396,0.2180232558139535,0.16615594596468666,0.2698905656632203,False,True,0.75,1.0
unseen_confirmatory,dialogue,versus_late_negative,late_negative_30_32,later_middle_19_21,86,6,2,21,57,63,0.09523809523809523,0.04438348427689201,0.19261701062836892,0.2890625,0,0,0,86,86,0.0,0.0,0.042758197285742226,1.0,0.47492991041305455,0.429902268118835,0.5199575527072741,0.625,0.5596114833247113,0.6903885166752887,False,True,0.75,1.0
unseen_confirmatory,dialogue,versus_late_negative,late_negative_30_32,sparse_union,86,20,2,21,43,63,0.31746031746031744,0.21586686653519657,0.4400353174416858,0.00012111663818359375,0,0,0,86,86,0.0,0.0,0.042758197285742226,1.0,1.1186523745053036,1.0378867558688842,1.199417993141723,1.688953488372093,1.5748243985711705,1.8030825781730153,False,True,0.000484466552734375,1.0
